--
-- PostgreSQL database dump
--

-- Dumped from database version 17.5
-- Dumped by pg_dump version 17.5

SET statement_timeout = 0;
SET lock_timeout = 0;
SET idle_in_transaction_session_timeout = 0;
SET transaction_timeout = 0;
SET client_encoding = 'UTF8';
SET standard_conforming_strings = on;
SELECT pg_catalog.set_config('search_path', '', false);
SET check_function_bodies = false;
SET xmloption = content;
SET client_min_messages = warning;
SET row_security = off;

SET default_tablespace = '';

SET default_table_access_method = heap;

--
-- Name: branches; Type: TABLE; Schema: public; Owner: postgres
--

CREATE TABLE public.branches (
    id bigint NOT NULL,
    nombre character varying(50) NOT NULL
);


ALTER TABLE public.branches OWNER TO postgres;

--
-- Name: clients; Type: TABLE; Schema: public; Owner: postgres
--

CREATE TABLE public.clients (
    id bigint NOT NULL,
    nombre character varying(255) NOT NULL,
    codigo_cliente character varying(20) NOT NULL,
    codigo_asesor character varying(10),
    potential_purchase numeric(10,2),
    asesor_id bigint,
    sucursal_id bigint NOT NULL
);


ALTER TABLE public.clients OWNER TO postgres;

--
-- Name: clients_client_id_seq; Type: SEQUENCE; Schema: public; Owner: postgres
--

ALTER TABLE public.clients ALTER COLUMN id ADD GENERATED BY DEFAULT AS IDENTITY (
    SEQUENCE NAME public.clients_client_id_seq
    START WITH 1
    INCREMENT BY 1
    NO MINVALUE
    NO MAXVALUE
    CACHE 1
);


--
-- Name: clients_sucursal_id_seq; Type: SEQUENCE; Schema: public; Owner: postgres
--

ALTER TABLE public.branches ALTER COLUMN id ADD GENERATED BY DEFAULT AS IDENTITY (
    SEQUENCE NAME public.clients_sucursal_id_seq
    START WITH 1
    INCREMENT BY 1
    NO MINVALUE
    NO MAXVALUE
    CACHE 1
);


--
-- Name: sales_goals; Type: TABLE; Schema: public; Owner: postgres
--

CREATE TABLE public.sales_goals (
    id bigint NOT NULL,
    name character varying(255) NOT NULL,
    target numeric(10,2) NOT NULL,
    sucursal_id bigint NOT NULL
);


ALTER TABLE public.sales_goals OWNER TO postgres;

--
-- Name: goals_salesgoal_id_seq; Type: SEQUENCE; Schema: public; Owner: postgres
--

ALTER TABLE public.sales_goals ALTER COLUMN id ADD GENERATED BY DEFAULT AS IDENTITY (
    SEQUENCE NAME public.goals_salesgoal_id_seq
    START WITH 1
    INCREMENT BY 1
    NO MINVALUE
    NO MAXVALUE
    CACHE 1
);


--
-- Name: users; Type: TABLE; Schema: public; Owner: postgres
--

CREATE TABLE public.users (
    id bigint NOT NULL,
    password character varying(128) NOT NULL,
    last_login timestamp with time zone,
    is_superuser boolean NOT NULL,
    username character varying(150) NOT NULL,
    first_name character varying(150) NOT NULL,
    last_name character varying(150) NOT NULL,
    email character varying(254) NOT NULL,
    is_staff boolean NOT NULL,
    is_active boolean NOT NULL,
    date_joined timestamp with time zone NOT NULL,
    codigo_asesor character varying(10),
    rol character varying(30),
    sucursal_id bigint
);


ALTER TABLE public.users OWNER TO postgres;

--
-- Name: users_customuser_id_seq; Type: SEQUENCE; Schema: public; Owner: postgres
--

ALTER TABLE public.users ALTER COLUMN id ADD GENERATED BY DEFAULT AS IDENTITY (
    SEQUENCE NAME public.users_customuser_id_seq
    START WITH 1
    INCREMENT BY 1
    NO MINVALUE
    NO MAXVALUE
    CACHE 1
);


--
-- Data for Name: branches; Type: TABLE DATA; Schema: public; Owner: postgres
--

COPY public.branches (id, nombre) FROM stdin;
1	Valencia
2	Caracas
3	Barquisimeto
4	Maracaibo
5	Puerto la Cruz
6	Puerto Ordaz
7	Gerencia Nacional
\.


--
-- Data for Name: clients; Type: TABLE DATA; Schema: public; Owner: postgres
--

COPY public.clients (id, nombre, codigo_cliente, codigo_asesor, potential_purchase, asesor_id, sucursal_id) FROM stdin;
1	A A Materiales De Construccion	24232	45497	\N	59	1
2	Abastecimiento Y Logistica Agropecuario	75625	79261	\N	54	2
3	Acumuladores Duncan  C.A.	7121	79261	\N	54	2
4	Aerocamiones De Venezuela C.A	1117	77470	\N	53	2
5	Agroindustrias El Intento C.A	71598	\N	\N	\N	3
6	Agroinsumos Lara C.A.	46489	\N	\N	\N	3
7	Agropecuaria La Reserva,C.A	92963	\N	\N	\N	3
8	Agropecuaria Los Almendros C.A	37807	\N	\N	\N	3
9	Agropecuaria Nivar, C.A.	20872	93031	\N	60	4
10	Alactsuca,C.A.	76952	79485	\N	65	3
11	Alexander Jose Noguera Garcia	79636	\N	\N	\N	5
12	Alfonzo Rivas & Cia, C.A.	57735	79261	\N	54	2
13	Alimentos Botalon C.A	78488	\N	\N	\N	3
17	Alimentos Polar Comercial, C.A.	75026	79261	\N	54	2
18	Alpla De Venezuela, S.A.	73305	78077	\N	58	1
19	Amcor Rigid Packaging De Venezuela, S.A.	79138	78077	\N	58	1
20	Andinon		78077	\N	58	1
22	Arcilla Venezolana Ca	20855	45499	\N	67	3
23	Arenas Del Centro C.A.	33814	45497	\N	59	1
28	Avicola Las Tunas C.A.	77265	45499	\N	67	3
21	Angel Miguel Quiroga Sobrado	93036	\N	\N	\N	5
29	Bimbo De Venezuela,C.A.	51778	77470	\N	53	2
31	C.A Cerveceria Regional	78388	78077	\N	58	1
24	Armando Segundo Gonzalez Figueroa	77483	\N	\N	\N	5
32	C.A. Destileria Yaracuy	78574	45499	\N	67	3
33	C.A.Central La Pastora	157	44707	\N	66	3
34	C.A.Fabrica Nacional De Cementos S.A.C.A	11683	77470	\N	53	2
35	C.M.S. (Construcciones,Maquinarias Y Ser	66654	79485	\N	65	3
42	Cementos Catatumbo C.A.	128	45511	\N	61	4
47	Chocolates El Rey C A	63579	45499	\N	67	3
49	Clover Internacional. C.A	37488	78077	\N	58	1
51	Coca-Cola Femsa De Venezuela, S.A	73304	78077	\N	58	1
54	Concentrados Valera C.A. Convaca	90088	44707	\N	66	3
57	Conkretos, S.A	61462	44711	\N	62	6
58	Consorcio B&P	70848	77470	\N	53	2
60	Consorcio Minero Luso Vargas,Ca Conluvar	70449	77470	\N	53	2
63	Construcciones Yamaro, C.A	1465	77470	\N	53	2
64	Constructora Vialpa S.A	1651	77470	\N	53	2
65	Constructores Venezolanos C A	224	45511	\N	61	4
40	Cantera La Concepción, C.A	114	\N	\N	\N	3
73	Desarrollo Agroindustrial Agua Santa,S.A	48427	45499	\N	67	3
74	Destilerias Unidas S.A.	728	45499	\N	67	3
43	Ceramicas Marbella 11 C.A	63082	\N	\N	\N	3
75	Dialmape, C.A	68209	27931	\N	55	5
77	El Morro Casa De Representacion Ca	77662	27931	\N	55	5
82	Fabrica De Pastas Allegri, C.A.	73682	79261	\N	54	2
83	Fabrica De Pastas La Especial, C.A.	64701	44707	\N	66	3
48	Climaoriente, C.A	49330	\N	\N	\N	5
178	Union Productores Agropecuarios, C.A.	78511	77470	\N	53	2
189	Vinccler C.A.	2840	57995	\N	63	6
53	Concentrados Colaca, C.A	40533	\N	\N	\N	3
66	Convelac C.A	56613	\N	\N	\N	3
67	Corporacion Alcoholes Del Caribe, S.A.	29994	\N	\N	\N	3
68	Corporacion Inlaca,C.A.	23703	\N	\N	\N	3
78	El Tunal C.A.	18634	\N	\N	\N	3
90	Fruticola El Valle, C.A	56802	\N	\N	\N	3
93	Galletera Italia C.A	69246	\N	\N	\N	3
98	Gracor Industria Y Comercio,C.A.	80453	44711	\N	62	6
100	Grupo Mundial,C.A.	40105	44711	\N	62	6
102	Hidrocapital C.A.	19517	77470	\N	53	2
105	Industria Lactea Ca#O Amarillo S.A	53675	79485	\N	65	3
106	Industria Lactea Venezolana, C.A	71652	79261	\N	54	2
107	Industria Venezolana De Guantes C.A.	70170	79485	\N	65	3
108	Industrias Integradas De Alimentos	43312	44707	\N	66	3
109	Industrias Kel, C.A.	65388	45499	\N	67	3
103	Iancarina, C.A.	14185	\N	\N	\N	3
110	Industrias La Andina, C.A	31347	79485	\N	65	3
111	Industrias Maros, C.A	78413	45499	\N	67	3
113	Ingedac Ingenieria Dac, C.A	66773	45497	\N	59	1
115	Instituto Aeropuerto Internacional De	77229	77470	\N	53	2
116	Interamericana De Cables Venezuela,S.A.	37870	78077	\N	58	1
118	Inversiones C&G 2006, C.A	42462	44711	\N	62	6
120	Inversiones Marinas Del Lago C.A	28707	45511	\N	61	4
124	Laboratorios Fc Pharma,Ca	74749	77470	\N	53	2
125	Laboratorios Leti S Av	67882	77470	\N	53	2
127	Lp Lider Pollo C.A.	59584	78077	\N	58	1
129	Maderera San Vicente C.A	56676	79485	\N	65	3
131	Materiales Ceramicos Venezuela, C.A	78313	44711	\N	62	6
132	Materiales Gran Sabana C.A.	34612	44711	\N	62	6
140	Naviera Paraguana C.A.	76440	27931	\N	55	5
142	Nestlé	5783	77470	\N	53	2
143	Nestle Cadipro, S.A. (Nestle Cadipro,Sa)	17332	79485	\N	65	3
145	Orinoco Iron,Scs	25119	44711	\N	62	6
121	Inversiones Protecnica, C.A	36853	\N	\N	\N	5
122	Inversiones Y Construcciones Perozo C.A	32611	\N	\N	\N	5
146	Pastas Capri, C.A. (Pastas Capri, C.A.)	59012	79261	\N	54	2
148	Pavimentos Del Sur, C.A.	47117	79485	\N	65	3
150	Pepsi-Cola Venezuela C.A	27106	79261	\N	54	2
126	Lisandro Del Valle Garcia Lopez	77488	\N	\N	\N	5
155	Picadora Las Vegas C.A	39369	79485	\N	65	3
156	Plumrose Latinoamericana, C.A.	74440	79261	\N	54	2
157	Preparados Alimenticios Paica	27966	79261	\N	54	2
130	Maquinarias Domo S.A	79374	\N	\N	\N	3
158	Procter & Gamble Industrial, S.C.A.	70228	77470	\N	53	2
161	Proyectos Y Construcciones P&H C.A.	14322	44711	\N	62	6
133	Maxical,C.A	514	\N	\N	\N	3
162	Redvital Comercializadora, C.A.	77047	77470	\N	53	2
164	Resortes Legitimos Andinos S.A	48043	79485	\N	65	3
168	Servicios Y Maquinarias G Y G, C.A.	67470	44711	\N	62	6
169	Soluciones Y Servicios Energy Ms C.A	78272	27931	\N	55	5
138	Nacional De Alimentos C.A	74250	\N	\N	\N	3
172	Teneria Rubio, C.A.	74714	79485	\N	65	3
144	Nestle Venezuela, S.A	5785	\N	\N	\N	3
154	Pesquera Hermanos Loffredo, C.A.	2737	\N	\N	\N	5
165	Servicios Agropecuarios Los Cedros, C.A	93028	\N	\N	\N	3
170	Supracal C.A	7632	\N	\N	\N	3
187	Pastas Capri, C.A. (Pastas Capri, C.A.)	59012	\N	\N	\N	3
14	Alimentos Polar Comercial, C.A	40816	46125	\N	56	5
15	Alimentos Polar Comercial, C.A	56490	60493	\N	85	4
16	Alimentos Polar Comercial, C.A	66504	57995	\N	63	6
25	Astillas Nacionales Anca, C.A.	70057	46128	\N	64	6
26	Avante Bureau Shipping Corporacion,C.A.	78683	46128	\N	64	6
27	Avicola La Rosita, S.A (Avirosa)	30308	93031	\N	60	4
30	Bituplast, C.A	51937	60493	\N	85	4
36	C.V.G Venalum, C.A.	309	57995	\N	63	6
37	C.V.G. Aluminio Del Caroni S.A	2988	57995	\N	63	6
38	C.V.G. Bauxilum,C.A.	312	46128	\N	64	6
39	C.V.G. Carbones Del Orinoco,C.A.	3174	57995	\N	63	6
41	Carbonera De Negocios Venezolanos C.A.	38565	93031	\N	60	4
44	Cerveceria Polar C.A	5857	46125	\N	56	5
45	Cerveceria Polar C.A	49985	60493	\N	85	4
46	Cerveceria Polar C.A	42224	57995	\N	63	6
50	Coca-Cola Femsa De Venezuela, S.A	33964	80068	\N	57	5
52	Compa#Ia Operadora Del Puerto De Palua	35694	46128	\N	64	6
55	Concretera Caracas Oriente C.A	4968	80068	\N	57	5
56	Congelados Y Frescos Marinos, C.A	76939	60493	\N	85	4
59	Consorcio Ferrosur	79041	57995	\N	63	6
61	Construcciones Cipriani S.A	1742	80068	\N	57	5
62	Construcciónes Y Servicios A&G, C.A	79039	93031	\N	60	4
69	Corporacion Pesquera Esmeralda C.A.	59360	46125	\N	56	5
70	Cotras, C.A	55728	80068	\N	57	5
71	Crea Desarrollos,Sociedad Anonima	51853	60493	\N	85	4
72	Dell Acqua C.A	1207	57995	\N	63	6
186	Derivados Siderurgicos C.A.		45499	\N	67	3
76	Distribuidora Y Procesadora De Carnes Ca	78124	93031	\N	60	4
79	Empresa De Construccion San Antonio, C.A	60602	46128	\N	64	6
80	Empresas El Morro, Ca.	58613	46125	\N	56	5
81	Evergreen Service C.A.	38408	80068	\N	57	5
84	Farmatodo, C.A.	46752	79261	\N	54	2
85	Felipmar Pesca Ca	32355	46125	\N	56	5
86	Ferro Aluminio C.A. (Ferralca)	34577	45497	\N	59	1
87	Fibranova,C.A.	29098	46128	\N	64	6
88	Foresta Bolivar, C.A.	46850	44711	\N	62	6
89	Frigorifico Industrial Ayari C.A	75940	79485	\N	65	3
91	Full Plast C.A.	93003	27931	\N	55	5
92	Fundicion Del Centro C.A	1689	79261	\N	54	2
94	Gasor C.A.	70026	80068	\N	57	5
95	General De Alimentos Nisa, C.A (Genica)	74628	60493	\N	85	4
96	Gerenpro, C.A.	35130	57995	\N	63	6
97	Goldtex De Venezuela, C.A	78466	46128	\N	64	6
99	Gran Cacique Ii, C.A	27462	46125	\N	56	5
101	Hidrobolivar, C.A.	79700	46128	\N	64	6
104	Imgc Iron Metallics Global Consultants C	72313	46128	\N	64	6
112	Industrias Procesadora Del Mar, C.A	51167	93031	\N	60	4
114	Ingenieria 3030, C.A	76591	93031	\N	60	4
117	Inversiones Avicolas,C.A.	76475	93031	\N	60	4
119	Inversiones Lacteas San Simon, C.A	78386	60493	\N	85	4
123	L.C. C0Nstrucciones , Ca	37402	57995	\N	63	6
128	Maderas Del Orinoco C.A.	68192	46128	\N	64	6
134	Mega 72, C.A.	92950	60493	\N	85	4
135	Metanol De Oriente Metor, S.A	20676	80068	\N	57	5
136	Mimesa Alimentos, C.A.	79505	60493	\N	85	4
137	Minera Pacific,C.A.	93002	46128	\N	64	6
139	Nautilus Servicios Maritimos 2021,C.A.	78051	46128	\N	64	6
141	Naviera Star Del Caribe, C.A	59637	80068	\N	57	5
147	Pasteurizadora Tachira C.A	16586	46125	\N	56	5
188	Pasteurizadora Tachira C.A	16586	79485	\N	65	3
149	Pedeca Oriente, C.A.	74891	80068	\N	57	5
151	Pepsi-Cola Venezuela C.A	26909	46125	\N	56	5
152	Pepsi-Cola Venezuela C.A	29992	60493	\N	85	4
153	Pepsi-Cola Venezuela C.A	37042	57995	\N	63	6
159	Productora De Sal, C.A.	17094	60493	\N	85	4
160	Productos Industriales Representados Ca	45655	46128	\N	64	6
163	Redvital Comercializadora, C.A.	77147	60493	\N	85	4
166	Servicios Picardi, C.A	29068	80068	\N	57	5
167	Servicios Y Constructora Aliadas, C.A	78788	93031	\N	60	4
171	Taller Industrial Metalurgico Antonio Ca	46904	46128	\N	64	6
173	Tigasco Gas Licuado, C.A	63407	80068	\N	57	5
174	Trans Cargo De Venezuela, C.A.	64107	60493	\N	85	4
175	Transporte Kapetco, C.A	73955	46125	\N	56	5
176	Trevi Cimentaciones, C.A.	15781	77470	\N	53	2
177	Tripoliven, C.A.	3075	45497	\N	59	1
179	Venelux,C.A.	64998	78077	\N	58	1
180	Venezolana De Cementos, S.A.C.A.	41580	46125	\N	56	5
181	Venezolana De Cementos, S.A.C.A.	1076	45499	\N	67	3
182	Vinccler C.A.	2840	46125	\N	56	5
190	Vinccler C.A.	2840	45499	\N	67	3
183	Zado Services, C.A.	38909	80068	\N	57	5
184	Zulia Industrial Constructions, C.A	71634	46125	\N	56	5
\.


--
-- Data for Name: sales_goals; Type: TABLE DATA; Schema: public; Owner: postgres
--

COPY public.sales_goals (id, name, target, sucursal_id) FROM stdin;
\.


--
-- Data for Name: users; Type: TABLE DATA; Schema: public; Owner: postgres
--

COPY public.users (id, password, last_login, is_superuser, username, first_name, last_name, email, is_staff, is_active, date_joined, codigo_asesor, rol, sucursal_id) FROM stdin;
53		\N	f	jcvalera@ccvenequip.com	Juan	Carlos Valera	jcvalera@ccvenequip.com	f	t	2025-07-12 10:11:09.198567-04	77470	Asesor	2
54		\N	f	meduran@ccvenequip.com	María	Eugenía Durán	meduran@ccvenequip.com	f	t	2025-07-12 10:11:09.203419-04	79261	Asesor	2
55		\N	f	jalopez@ccvenequip.com	Jose	Alfredo Lopez	jalopez@ccvenequip.com	f	t	2025-07-12 10:11:09.20601-04	27931	Asesor	5
56		\N	f	cramirez@venequip.com	Cesar	Ramirez	cramirez@venequip.com	f	t	2025-07-12 10:11:09.208682-04	46125	Asesor	5
57		\N	f	abriceno@ccvenequip.com	Abel	Briceño	abriceno@ccvenequip.com	f	t	2025-07-12 10:11:09.211761-04	80068	Asesor	5
58		\N	f	ltorres@ccvenequip.com	Lucia	Torres	ltorres@ccvenequip.com	f	t	2025-07-12 10:11:09.215362-04	78077	Asesor	1
60		\N	f	eromero@ccvenequip.com	Elsio	Romero	eromero@ccvenequip.com	f	t	2025-07-12 10:11:09.226602-04	93031	Asesor	4
61		\N	f	ogalban@ccvenequip.com	Omer	Galban	ogalban@ccvenequip.com	f	t	2025-07-12 10:11:09.229777-04	45511	Asesor	4
62		\N	f	orodriguez@ccvenequip.com	Onesimo	Rodriguez	orodriguez@ccvenequip.com	f	t	2025-07-12 10:11:09.232336-04	44711	Asesor	6
63		\N	f	fconde@ccvenequip.com	Felix	Conde	fconde@ccvenequip.com	f	t	2025-07-12 10:11:09.23565-04	57995	Asesor	6
64		\N	f	cboom@ccvenequip.com	Carlos	Boom	cboom@ccvenequip.com	f	t	2025-07-12 10:11:09.238255-04	46128	Asesor	6
65		\N	f	nsosa@ccvenequip.com	Nelson	Sosa	nsosa@ccvenequip.com	f	t	2025-07-12 10:11:09.241358-04	79485	Asesor	3
66		\N	f	mmarrufo@ccvenequip.com	Milton	Marrufo	mmarrufo@ccvenequip.com	f	t	2025-07-12 10:11:09.244785-04	44707	Asesor	3
67		\N	f	jmartinez@ccvenequip.com	Jose	Martinez	jmartinez@ccvenequip.com	f	t	2025-07-12 10:11:09.247388-04	45499	Asesor	3
68		\N	f	cmendoza@ccvenequip.com	Casar	Mendoza	cmendoza@ccvenequip.com	f	t	2025-07-12 10:11:09.249253-04	\N	Coordinador de Venta	5
69		\N	f	cguerrero@ccvenequip.com	Carlos	Guerrero	cguerrero@ccvenequip.com	f	t	2025-07-12 10:11:09.251633-04	\N	Coordinador de Venta	6
70		\N	f	jmendoza@ccvenequip.com	Jaiker	Mendoza	jmendoza@ccvenequip.com	f	t	2025-07-12 10:11:09.253395-04	\N	Coordinador de Venta	3
71		\N	f	jvillarreal@ccvenequip.com	Jesus	Villarreal	jvillarreal@ccvenequip.com	f	t	2025-07-12 10:11:09.255155-04	\N	Coordinador de Venta	1
72		\N	f	fsanojach@ccvenequip.com	Francisco	Sanoja	fsanojach@ccvenequip.com	f	t	2025-07-12 10:11:09.257303-04	\N	Coordinador de Venta	2
73		\N	f	folivo@ccvenequip.com	Francisco	Olivo	folivo@ccvenequip.com	f	t	2025-07-12 10:11:09.259269-04	\N	Coordinador de Venta	4
74		\N	f	palgarin@ccvenequip.com	Pablo	Algarin	palgarin@ccvenequip.com	f	t	2025-07-12 10:11:09.262238-04	\N	Coordinador de operaciones	5
75		\N	f	curbano@ccvenequip.com	Carlos	Urbano	curbano@ccvenequip.com	f	t	2025-07-12 10:11:09.264234-04	\N	Coordinador de operaciones	6
76		\N	f	cmontero@ccvenequip.com	Carlos	Montero	cmontero@ccvenequip.com	f	t	2025-07-12 10:11:09.265818-04	\N	Coordinador de operaciones	3
77		\N	f	fsilva@ccvenequip.com	Fernando	Silva	fsilva@ccvenequip.com	f	t	2025-07-12 10:11:09.267199-04	\N	Coordinador de operaciones	1
78		\N	f	gravelo@ccvenequip.com	Gerardo	Ravelo	gravelo@ccvenequip.com	f	t	2025-07-12 10:11:09.268611-04	\N	Coordinador de operaciones	2
79		\N	f	hmachado@ccvenequip.com	Homero	Machado	hmachado@ccvenequip.com	f	t	2025-07-12 10:11:09.270651-04	\N	Coordinador de operaciones	4
80		\N	f	gguerra@ccvenequip.com	German	Guerra	gguerra@ccvenequip.com	f	t	2025-07-12 10:11:09.272401-04	\N	Director de Ventas	7
81		\N	f	aliberatoscioli@ccvenequip.com	Americo	liberatoscioli	aliberatoscioli@ccvenequip.com	f	t	2025-07-12 10:11:09.273808-04	\N	Director de Posventa	7
82		\N	f	mgimenez@ccvenequip.com	Mariela	Gimenez	mgimenez@ccvenequip.com	f	t	2025-07-12 10:11:09.275429-04	\N	Gerente Nacional	7
83		\N	f	abchavez@ccvenequip.com	Abrahan	Chavez	abchavez@ccvenequip.com	f	t	2025-07-12 10:11:09.278283-04	\N	Gerente Nacional	7
84		\N	f	eperez@ccvenequip.com	Engelbert	Perez	eperez@ccvenequip.com	f	t	2025-07-12 10:11:09.2805-04	\N	Gerente Nacional	7
59		\N	f	jurdaneta@ccvenequip.com	Henry	Urdaneta	jurdaneta@ccvenequip.com	f	t	2025-07-12 10:11:09.218271-04	45497	Asesor	1
85		\N	f	asesor_60493	Jose	Urdaneta		f	t	2025-07-12 10:15:08.211526-04	60493	Asesor	4
\.


--
-- Name: clients_client_id_seq; Type: SEQUENCE SET; Schema: public; Owner: postgres
--

SELECT pg_catalog.setval('public.clients_client_id_seq', 191, true);


--
-- Name: clients_sucursal_id_seq; Type: SEQUENCE SET; Schema: public; Owner: postgres
--

SELECT pg_catalog.setval('public.clients_sucursal_id_seq', 7, true);


--
-- Name: goals_salesgoal_id_seq; Type: SEQUENCE SET; Schema: public; Owner: postgres
--

SELECT pg_catalog.setval('public.goals_salesgoal_id_seq', 1, false);


--
-- Name: users_customuser_id_seq; Type: SEQUENCE SET; Schema: public; Owner: postgres
--

SELECT pg_catalog.setval('public.users_customuser_id_seq', 85, true);


--
-- Name: clients clients_client_pkey; Type: CONSTRAINT; Schema: public; Owner: postgres
--

ALTER TABLE ONLY public.clients
    ADD CONSTRAINT clients_client_pkey PRIMARY KEY (id);


--
-- Name: branches clients_sucursal_nombre_key; Type: CONSTRAINT; Schema: public; Owner: postgres
--

ALTER TABLE ONLY public.branches
    ADD CONSTRAINT clients_sucursal_nombre_key UNIQUE (nombre);


--
-- Name: branches clients_sucursal_pkey; Type: CONSTRAINT; Schema: public; Owner: postgres
--

ALTER TABLE ONLY public.branches
    ADD CONSTRAINT clients_sucursal_pkey PRIMARY KEY (id);


--
-- Name: sales_goals goals_salesgoal_pkey; Type: CONSTRAINT; Schema: public; Owner: postgres
--

ALTER TABLE ONLY public.sales_goals
    ADD CONSTRAINT goals_salesgoal_pkey PRIMARY KEY (id);


--
-- Name: clients unique_cliente_sucursal_asesor; Type: CONSTRAINT; Schema: public; Owner: postgres
--

ALTER TABLE ONLY public.clients
    ADD CONSTRAINT unique_cliente_sucursal_asesor UNIQUE (codigo_cliente, sucursal_id, asesor_id);


--
-- Name: users users_customuser_codigo_asesor_key; Type: CONSTRAINT; Schema: public; Owner: postgres
--

ALTER TABLE ONLY public.users
    ADD CONSTRAINT users_customuser_codigo_asesor_key UNIQUE (codigo_asesor);


--
-- Name: users users_customuser_pkey; Type: CONSTRAINT; Schema: public; Owner: postgres
--

ALTER TABLE ONLY public.users
    ADD CONSTRAINT users_customuser_pkey PRIMARY KEY (id);


--
-- Name: users users_customuser_username_key; Type: CONSTRAINT; Schema: public; Owner: postgres
--

ALTER TABLE ONLY public.users
    ADD CONSTRAINT users_customuser_username_key UNIQUE (username);


--
-- Name: clients_client_asesor_id_db01db3c; Type: INDEX; Schema: public; Owner: postgres
--

CREATE INDEX clients_client_asesor_id_db01db3c ON public.clients USING btree (asesor_id);


--
-- Name: clients_client_sucursal_id_54d438fd; Type: INDEX; Schema: public; Owner: postgres
--

CREATE INDEX clients_client_sucursal_id_54d438fd ON public.clients USING btree (sucursal_id);


--
-- Name: clients_sucursal_nombre_6ddd567a_like; Type: INDEX; Schema: public; Owner: postgres
--

CREATE INDEX clients_sucursal_nombre_6ddd567a_like ON public.branches USING btree (nombre varchar_pattern_ops);


--
-- Name: goals_salesgoal_sucursal_id_f2648f91; Type: INDEX; Schema: public; Owner: postgres
--

CREATE INDEX goals_salesgoal_sucursal_id_f2648f91 ON public.sales_goals USING btree (sucursal_id);


--
-- Name: users_customuser_codigo_asesor_584d959e_like; Type: INDEX; Schema: public; Owner: postgres
--

CREATE INDEX users_customuser_codigo_asesor_584d959e_like ON public.users USING btree (codigo_asesor varchar_pattern_ops);


--
-- Name: users_customuser_sucursal_id_c93e1138; Type: INDEX; Schema: public; Owner: postgres
--

CREATE INDEX users_customuser_sucursal_id_c93e1138 ON public.users USING btree (sucursal_id);


--
-- Name: users_customuser_username_80452fdf_like; Type: INDEX; Schema: public; Owner: postgres
--

CREATE INDEX users_customuser_username_80452fdf_like ON public.users USING btree (username varchar_pattern_ops);


--
-- Name: clients clients_client_asesor_id_db01db3c_fk_users_customuser_id; Type: FK CONSTRAINT; Schema: public; Owner: postgres
--

ALTER TABLE ONLY public.clients
    ADD CONSTRAINT clients_client_asesor_id_db01db3c_fk_users_customuser_id FOREIGN KEY (asesor_id) REFERENCES public.users(id) DEFERRABLE INITIALLY DEFERRED;


--
-- Name: clients clients_client_sucursal_id_54d438fd_fk_clients_sucursal_id; Type: FK CONSTRAINT; Schema: public; Owner: postgres
--

ALTER TABLE ONLY public.clients
    ADD CONSTRAINT clients_client_sucursal_id_54d438fd_fk_clients_sucursal_id FOREIGN KEY (sucursal_id) REFERENCES public.branches(id) DEFERRABLE INITIALLY DEFERRED;


--
-- Name: sales_goals goals_salesgoal_sucursal_id_f2648f91_fk_clients_sucursal_id; Type: FK CONSTRAINT; Schema: public; Owner: postgres
--

ALTER TABLE ONLY public.sales_goals
    ADD CONSTRAINT goals_salesgoal_sucursal_id_f2648f91_fk_clients_sucursal_id FOREIGN KEY (sucursal_id) REFERENCES public.branches(id) DEFERRABLE INITIALLY DEFERRED;


--
-- Name: users users_customuser_sucursal_id_c93e1138_fk_clients_sucursal_id; Type: FK CONSTRAINT; Schema: public; Owner: postgres
--

ALTER TABLE ONLY public.users
    ADD CONSTRAINT users_customuser_sucursal_id_c93e1138_fk_clients_sucursal_id FOREIGN KEY (sucursal_id) REFERENCES public.branches(id) DEFERRABLE INITIALLY DEFERRED;


--
-- PostgreSQL database dump complete
--

